mean_fit_time,std_fit_time,mean_score_time,std_score_time,param_model__min_samples_split,param_model__min_samples_leaf,param_model__max_features,param_model__max_depth,param_model__criterion,param_model__class_weight,params,split0_test_score,split1_test_score,split2_test_score,split3_test_score,split4_test_score,mean_test_score,std_test_score,rank_test_score,split0_train_score,split1_train_score,split2_train_score,split3_train_score,split4_train_score,mean_train_score,std_train_score
0.17422313690185548,0.016021226911554894,0.029773473739624023,0.010620631996225292,50,5,log2,,log_loss,,"{'model__min_samples_split': 50, 'model__min_samples_leaf': 5, 'model__max_features': 'log2', 'model__max_depth': None, 'model__criterion': 'log_loss', 'model__class_weight': None}",0.6470588235294118,0.6306306306306306,0.5789473684210527,0.5217391304347826,0.4948453608247423,0.5746442627681241,0.05926833301776631,27,0.7331670822942643,0.7881548974943052,0.735632183908046,0.712401055408971,0.754257907542579,0.7447226253296332,0.0254485145125781
1.4535711288452149,0.1329996400089627,0.0332944393157959,0.010608469641731066,10,20,,20,log_loss,,"{'model__min_samples_split': 10, 'model__min_samples_leaf': 20, 'model__max_features': None, 'model__max_depth': 20, 'model__criterion': 'log_loss', 'model__class_weight': None}",0.6666666666666666,0.6213592233009708,0.6446280991735537,0.660377358490566,0.5510204081632653,0.6288103511590045,0.04192033460165941,8,0.8074245939675174,0.8086124401913876,0.8165938864628821,0.7925407925407926,0.8235294117647058,0.8097402249854572,0.010388155463331357
0.2004789352416992,0.0420940412725148,0.027384614944458006,0.0053262542089982995,5,2,log2,10,log_loss,,"{'model__min_samples_split': 5, 'model__min_samples_leaf': 2, 'model__max_features': 'log2', 'model__max_depth': 10, 'model__criterion': 'log_loss', 'model__class_weight': None}",0.6238532110091743,0.7272727272727273,0.5904761904761905,0.6037735849056604,0.6060606060606061,0.6302872639448717,0.04964353902223829,7,0.8992628992628993,0.9184149184149184,0.9016786570743405,0.9417249417249417,0.9392523364485982,0.9200667505851395,0.017948898075874718
0.16437191963195802,0.01340585317812765,0.023127174377441405,0.0008588331331169279,10,5,log2,20,entropy,,"{'model__min_samples_split': 10, 'model__min_samples_leaf': 5, 'model__max_features': 'log2', 'model__max_depth': 20, 'model__criterion': 'entropy', 'model__class_weight': None}",0.616822429906542,0.6788990825688074,0.6229508196721312,0.5490196078431373,0.6274509803921569,0.619028584076555,0.041417197275885706,14,0.8779342723004695,0.8557919621749409,0.8752834467120182,0.8888888888888888,0.8729792147806005,0.8741755569713836,0.01068854797429875
0.18349275588989258,0.005415232147135348,0.02280535697937012,0.000254590302683631,5,2,sqrt,20,log_loss,,"{'model__min_samples_split': 5, 'model__min_samples_leaf': 2, 'model__max_features': 'sqrt', 'model__max_depth': 20, 'model__criterion': 'log_loss', 'model__class_weight': None}",0.6363636363636364,0.6605504587155964,0.5471698113207547,0.6055045871559633,0.5436893203883495,0.5986555627888601,0.04684411702049817,19,0.9645390070921985,0.9648711943793911,0.9619047619047619,0.9675925925925926,0.965034965034965,0.9647885042007818,0.0018060293881638763
0.17942686080932618,0.011109641723884076,0.023155832290649415,0.0007131943498134747,2,10,sqrt,5,entropy,,"{'model__min_samples_split': 2, 'model__min_samples_leaf': 10, 'model__max_features': 'sqrt', 'model__max_depth': 5, 'model__criterion': 'entropy', 'model__class_weight': None}",0.6486486486486487,0.5769230769230769,0.49523809523809526,0.5656565656565656,0.5647058823529412,0.5702344537638655,0.048722683819119025,28,0.76,0.7713625866050808,0.7250608272506083,0.7420814479638009,0.7788461538461539,0.7554702031331287,0.019613826196645527
0.8860176086425782,0.06611050795391249,0.022832870483398438,0.0017233751903201811,2,20,,,entropy,,"{'model__min_samples_split': 2, 'model__min_samples_leaf': 20, 'model__max_features': None, 'model__max_depth': None, 'model__criterion': 'entropy', 'model__class_weight': None}",0.6666666666666666,0.6213592233009708,0.6446280991735537,0.660377358490566,0.5510204081632653,0.6288103511590045,0.04192033460165941,8,0.8074245939675174,0.8086124401913876,0.8165938864628821,0.7925407925407926,0.8235294117647058,0.8097402249854572,0.010388155463331357
0.1709364414215088,0.005970855464771545,0.022681140899658205,0.0012519107509858327,50,1,sqrt,5,log_loss,,"{'model__min_samples_split': 50, 'model__min_samples_leaf': 1, 'model__max_features': 'sqrt', 'model__max_depth': 5, 'model__criterion': 'log_loss', 'model__class_weight': None}",0.6530612244897959,0.6451612903225806,0.5299145299145299,0.6138613861386139,0.5617977528089888,0.6007592367349018,0.04778216470418017,18,0.7116883116883117,0.7565392354124748,0.7869565217391304,0.724373576309795,0.7272727272727273,0.7413660744844879,0.027117709076760938
0.16754093170166015,0.00310938035231325,0.028772926330566405,0.007314238375672874,20,2,sqrt,3,log_loss,balanced,"{'model__min_samples_split': 20, 'model__min_samples_leaf': 2, 'model__max_features': 'sqrt', 'model__max_depth': 3, 'model__criterion': 'log_loss', 'model__class_weight': 'balanced'}",0.6601941747572816,0.49523809523809526,0.6,0.576271186440678,0.5714285714285714,0.5806264055729253,0.05310573920486176,25,0.6956521739130435,0.6571428571428571,0.6162790697674418,0.6470588235294118,0.671957671957672,0.6576181192620852,0.026354710008930814
0.1869575023651123,0.0048905477488170946,0.022771310806274415,0.0018384823512870377,2,1,sqrt,15,entropy,,"{'model__min_samples_split': 2, 'model__min_samples_leaf': 1, 'model__max_features': 'sqrt', 'model__max_depth': 15, 'model__criterion': 'entropy', 'model__class_weight': None}",0.7256637168141593,0.5454545454545454,0.625,0.6434782608695652,0.5416666666666666,0.6162526379609873,0.06835784092214234,17,0.9864253393665159,0.9977011494252873,0.9954128440366973,0.9931972789115646,1.0,0.994547322348013,0.0046522397065378324
1.1490846633911134,0.07443964167384381,0.02228693962097168,0.002786207473703816,20,1,,10,gini,balanced,"{'model__min_samples_split': 20, 'model__min_samples_leaf': 1, 'model__max_features': None, 'model__max_depth': 10, 'model__criterion': 'gini', 'model__class_weight': 'balanced'}",0.6545454545454545,0.7047619047619048,0.6607142857142857,0.6896551724137931,0.5631067961165048,0.6545567227103886,0.04930206133531039,3,0.9290617848970252,0.92,0.9300225733634312,0.9230769230769231,0.903370786516854,0.9211064135708467,0.00961712393687315
1.4392982959747314,0.2949065625725194,0.04429502487182617,0.010844170837792598,20,1,,5,entropy,,"{'model__min_samples_split': 20, 'model__min_samples_leaf': 1, 'model__max_features': None, 'model__max_depth': 5, 'model__criterion': 'entropy', 'model__class_weight': None}",0.6236559139784946,0.5813953488372093,0.5454545454545454,0.6915887850467289,0.5476190476190477,0.5979427281872052,0.05475773882243538,20,0.7019498607242339,0.7359550561797753,0.7777777777777778,0.8115942028985508,0.7608695652173914,0.7576292925595458,0.037144700896716475
0.2553588390350342,0.02185162523058757,0.02609081268310547,0.0028842924094014026,50,5,sqrt,3,log_loss,balanced,"{'model__min_samples_split': 50, 'model__min_samples_leaf': 5, 'model__max_features': 'sqrt', 'model__max_depth': 3, 'model__criterion': 'log_loss', 'model__class_weight': 'balanced'}",0.6601941747572816,0.49523809523809526,0.5813953488372093,0.576271186440678,0.5777777777777777,0.5781753166102084,0.05219162411162417,26,0.6956521739130435,0.6571428571428571,0.6140350877192983,0.642023346303502,0.6631016042780749,0.6543910138713551,0.026711384581371143
1.1344035148620606,0.05241140066052698,0.023226594924926756,0.0009326178889660482,20,1,,10,log_loss,,"{'model__min_samples_split': 20, 'model__min_samples_leaf': 1, 'model__max_features': None, 'model__max_depth': 10, 'model__criterion': 'log_loss', 'model__class_weight': None}",0.6206896551724138,0.6262626262626263,0.5945945945945946,0.6857142857142857,0.5934065934065934,0.6241335510301028,0.03354184293196745,12,0.8755760368663594,0.9142857142857143,0.8915094339622641,0.9248826291079812,0.8746928746928747,0.8961893377830388,0.020296262756599626
1.1649200439453125,0.04542241065623558,0.02286067008972168,0.0006329718563166168,2,5,,10,log_loss,balanced,"{'model__min_samples_split': 2, 'model__min_samples_leaf': 5, 'model__max_features': None, 'model__max_depth': 10, 'model__criterion': 'log_loss', 'model__class_weight': 'balanced'}",0.6260869565217392,0.5769230769230769,0.591304347826087,0.6666666666666666,0.6551724137931034,0.6232306923461346,0.034867757025059974,13,0.9277899343544858,0.9373549883990719,0.9435665914221218,0.9504504504504504,0.9106382978723404,0.933960052499694,0.01383993497981572
0.16580615043640137,0.00884659471302815,0.024016761779785158,0.0014537566915403732,20,20,log2,10,log_loss,,"{'model__min_samples_split': 20, 'model__min_samples_leaf': 20, 'model__max_features': 'log2', 'model__max_depth': 10, 'model__criterion': 'log_loss', 'model__class_weight': None}",0.6213592233009708,0.6666666666666666,0.6086956521739131,0.5684210526315789,0.4791666666666667,0.5888618522879592,0.0631726331891597,22,0.708433734939759,0.7122641509433962,0.7089201877934272,0.7169811320754716,0.7181818181818181,0.7129562047867746,0.0040181632680528325
0.16799044609069824,0.004310232297495988,0.023871088027954103,0.0011012319113037064,5,2,log2,,entropy,,"{'model__min_samples_split': 5, 'model__min_samples_leaf': 2, 'model__max_features': 'log2', 'model__max_depth': None, 'model__criterion': 'entropy', 'model__class_weight': None}",0.6792452830188679,0.660377358490566,0.6095238095238096,0.6037735849056604,0.5714285714285714,0.624869721473495,0.03938018407699733,10,0.966824644549763,0.9501187648456056,0.9397590361445783,0.9461358313817331,0.955503512880562,0.9516683579604484,0.009157111681293703
0.1806046485900879,0.005205344886918858,0.022630596160888673,0.0016776091961243573,50,5,sqrt,,log_loss,balanced,"{'model__min_samples_split': 50, 'model__min_samples_leaf': 5, 'model__max_features': 'sqrt', 'model__max_depth': None, 'model__criterion': 'log_loss', 'model__class_weight': 'balanced'}",0.7175572519083969,0.6837606837606838,0.5789473684210527,0.6461538461538462,0.5660377358490566,0.6384913772186072,0.05857380851000939,5,0.7918367346938775,0.7750556792873051,0.8008658008658008,0.8016877637130801,0.782608695652174,0.7904109348424475,0.010345654234567394
0.17056822776794434,0.008263437794742551,0.024054288864135742,0.001160058989684661,10,10,sqrt,3,log_loss,,"{'model__min_samples_split': 10, 'model__min_samples_leaf': 10, 'model__max_features': 'sqrt', 'model__max_depth': 3, 'model__criterion': 'log_loss', 'model__class_weight': None}",0.6601941747572816,0.4954128440366973,0.6086956521739131,0.37681159420289856,0.5617977528089888,0.5405824035959559,0.09824219927755831,29,0.6956521739130435,0.684931506849315,0.6109510086455331,0.4900662251655629,0.6556473829201102,0.6274496594987129,0.07469574400535892
0.17911701202392577,0.01707637711796298,0.023485136032104493,0.00115095680846783,50,10,sqrt,,entropy,,"{'model__min_samples_split': 50, 'model__min_samples_leaf': 10, 'model__max_features': 'sqrt', 'model__max_depth': None, 'model__criterion': 'entropy', 'model__class_weight': None}",0.6727272727272727,0.5945945945945946,0.5504587155963303,0.6153846153846154,0.5473684210526316,0.5961067238710889,0.04626833682823503,21,0.7589498806682577,0.7464788732394366,0.7223587223587223,0.7794432548179872,0.7614678899082569,0.7537397241985322,0.018894597085418862
1.1766878604888915,0.3288282837857678,0.034203720092773435,0.010058486458354592,10,20,,5,log_loss,balanced,"{'model__min_samples_split': 10, 'model__min_samples_leaf': 20, 'model__max_features': None, 'model__max_depth': 5, 'model__criterion': 'log_loss', 'model__class_weight': 'balanced'}",0.6122448979591837,0.6774193548387096,0.6456692913385826,0.7090909090909091,0.6341463414634146,0.65571415893816,0.033987761773101685,2,0.6994535519125683,0.7861771058315334,0.7983193277310925,0.7974413646055437,0.763915547024952,0.7690613794211381,0.03694896055491411
0.2753905773162842,0.047146145185805136,0.03908801078796387,0.0072385068190737485,20,1,sqrt,3,entropy,,"{'model__min_samples_split': 20, 'model__min_samples_leaf': 1, 'model__max_features': 'sqrt', 'model__max_depth': 3, 'model__criterion': 'entropy', 'model__class_weight': None}",0.6601941747572816,0.4954128440366973,0.6,0.37681159420289856,0.5555555555555556,0.5375948337104866,0.09682784836328874,30,0.6956521739130435,0.684931506849315,0.6162790697674418,0.4966442953020134,0.6648501362397821,0.6316714364143192,0.07280144199627366
0.25426230430603025,0.0638639756576095,0.0369072437286377,0.010834990777202083,10,20,sqrt,3,entropy,balanced,"{'model__min_samples_split': 10, 'model__min_samples_leaf': 20, 'model__max_features': 'sqrt', 'model__max_depth': 3, 'model__criterion': 'entropy', 'model__class_weight': 'balanced'}",0.6792452830188679,0.49523809523809526,0.5977011494252874,0.576271186440678,0.5777777777777777,0.5852466983801412,0.05870049487703146,24,0.684863523573201,0.6571428571428571,0.5988372093023255,0.642023346303502,0.6631016042780749,0.6491937081199921,0.028691968708859084
0.16748600006103515,0.014982767803490341,0.02476973533630371,0.0016290947989597462,2,20,log2,20,log_loss,,"{'model__min_samples_split': 2, 'model__min_samples_leaf': 20, 'model__max_features': 'log2', 'model__max_depth': 20, 'model__criterion': 'log_loss', 'model__class_weight': None}",0.6213592233009708,0.6666666666666666,0.6086956521739131,0.5684210526315789,0.4791666666666667,0.5888618522879592,0.0631726331891597,22,0.708433734939759,0.7122641509433962,0.7089201877934272,0.7169811320754716,0.7181818181818181,0.7129562047867746,0.0040181632680528325
1.2318105220794677,0.12111810259866747,0.022754859924316407,0.0018790423406391413,20,1,,15,gini,balanced,"{'model__min_samples_split': 20, 'model__min_samples_leaf': 1, 'model__max_features': None, 'model__max_depth': 15, 'model__criterion': 'gini', 'model__class_weight': 'balanced'}",0.6545454545454545,0.7238095238095238,0.6548672566371682,0.6896551724137931,0.5769230769230769,0.6599600968658033,0.048803583652971196,1,0.9290617848970252,0.9247787610619469,0.9387755102040817,0.9250535331905781,0.9054054054054054,0.9246149989518075,0.010858375557086197
0.15904979705810546,0.011121763242609835,0.023160409927368165,0.0008877421254110153,50,2,log2,20,gini,balanced,"{'model__min_samples_split': 50, 'model__min_samples_leaf': 2, 'model__max_features': 'log2', 'model__max_depth': 20, 'model__criterion': 'gini', 'model__class_weight': 'balanced'}",0.6821705426356589,0.6122448979591837,0.6299212598425197,0.6728971962616822,0.65625,0.6506967793398089,0.026170456393807436,4,0.7862903225806451,0.7476190476190476,0.8202959830866807,0.7722342733188721,0.7600767754318618,0.7773032804074214,0.025030942425172894
1.0529613971710206,0.07289218401616578,0.026619672775268555,0.009681593778201185,20,2,,15,gini,,"{'model__min_samples_split': 20, 'model__min_samples_leaf': 2, 'model__max_features': None, 'model__max_depth': 15, 'model__criterion': 'gini', 'model__class_weight': None}",0.5765765765765766,0.5849056603773585,0.6422018348623854,0.6909090909090909,0.5882352941176471,0.6165656913686117,0.04379098350364792,16,0.9198113207547169,0.9052132701421801,0.9308755760368663,0.9262672811059908,0.9295774647887324,0.9223489825656973,0.009384872749809361
0.1771165370941162,0.004449213923377665,0.022264480590820312,0.0006653805081105682,50,2,sqrt,,entropy,balanced,"{'model__min_samples_split': 50, 'model__min_samples_leaf': 2, 'model__max_features': 'sqrt', 'model__max_depth': None, 'model__criterion': 'entropy', 'model__class_weight': 'balanced'}",0.7230769230769231,0.6495726495726496,0.5565217391304348,0.6461538461538462,0.5849056603773585,0.6320461636622424,0.05782554681812864,6,0.7950819672131147,0.7735042735042735,0.8067940552016986,0.8016877637130801,0.7912087912087912,0.7936553701681917,0.011412554621655933
0.16274237632751465,0.016797565057544383,0.02401843070983887,0.0003981835420565258,2,10,log2,20,gini,,"{'model__min_samples_split': 2, 'model__min_samples_leaf': 10, 'model__max_features': 'log2', 'model__max_depth': 20, 'model__criterion': 'gini', 'model__class_weight': None}",0.6829268292682927,0.5961538461538461,0.5740740740740741,0.6407766990291263,0.6,0.6187862897050679,0.0386313896367079,15,0.7850877192982456,0.7849223946784922,0.7611940298507462,0.7628361858190709,0.8066037735849056,0.7801288206462921,0.016769339180081274
1.429931116104126,0.24597146007023357,0.027539968490600586,0.009626664852990166,2,2,,10,log_loss,,"{'model__min_samples_split': 2, 'model__min_samples_leaf': 2, 'model__max_features': None, 'model__max_depth': 10, 'model__criterion': 'log_loss', 'model__class_weight': None}",0.6379310344827587,0.6105263157894737,0.5688073394495413,0.6666666666666666,0.6391752577319587,0.6246213228240798,0.0330776249087511,11,0.9342403628117913,0.966824644549763,0.9836829836829837,0.954653937947494,0.9185185185185185,0.9515840895021099,0.023091878811619004
