mean_fit_time,std_fit_time,mean_score_time,std_score_time,param_model__subsample,param_model__n_estimators,param_model__min_samples_split,param_model__min_samples_leaf,param_model__max_depth,param_model__learning_rate,params,split0_test_score,split1_test_score,split2_test_score,split3_test_score,split4_test_score,mean_test_score,std_test_score,rank_test_score,split0_train_score,split1_train_score,split2_train_score,split3_train_score,split4_train_score,mean_train_score,std_train_score
20.4876060962677,1.5229809259200946,0.024783849716186523,0.0007360872521207325,0.7,50,20,5,4,0.01,"{'model__subsample': 0.7, 'model__n_estimators': 50, 'model__min_samples_split': 20, 'model__min_samples_leaf': 5, 'model__max_depth': 4, 'model__learning_rate': 0.01}",0.6736842105263158,0.6265060240963856,0.5647058823529412,0.5882352941176471,0.4473684210526316,0.5800999664291842,0.07593728656020846,30,0.7696629213483146,0.7845303867403315,0.7888888888888889,0.7978142076502732,0.7857142857142857,0.7853221380684188,0.009107856301919726
39.39309182167053,1.2000764208030068,0.027633523941040038,0.007966673890823386,0.9,150,5,10,2,0.2,"{'model__subsample': 0.9, 'model__n_estimators': 150, 'model__min_samples_split': 5, 'model__min_samples_leaf': 10, 'model__max_depth': 2, 'model__learning_rate': 0.2}",0.7706422018348624,0.7358490566037735,0.7047619047619048,0.6666666666666666,0.6382978723404256,0.7032435404415265,0.047252115661142395,23,1.0,1.0,1.0,1.0,1.0,1.0,0.0
26.74407305717468,0.275221638664827,0.027750778198242187,0.007377140159386123,0.9,100,5,2,2,0.2,"{'model__subsample': 0.9, 'model__n_estimators': 100, 'model__min_samples_split': 5, 'model__min_samples_leaf': 2, 'model__max_depth': 2, 'model__learning_rate': 0.2}",0.7678571428571429,0.7339449541284404,0.6796116504854369,0.66,0.6736842105263158,0.7030195915994673,0.041035271783990926,24,0.9907834101382489,0.9977011494252873,0.9953917050691244,0.9977116704805492,1.0,0.9963175870226418,0.0031273711044594414
43.84261078834534,0.7130497493334574,0.0252016544342041,0.0028321732056942606,1.0,150,20,1,2,0.2,"{'model__subsample': 1.0, 'model__n_estimators': 150, 'model__min_samples_split': 20, 'model__min_samples_leaf': 1, 'model__max_depth': 2, 'model__learning_rate': 0.2}",0.7358490566037735,0.75,0.7115384615384616,0.64,0.7083333333333334,0.7091441702951138,0.03786728441958668,19,1.0,1.0,1.0,1.0,1.0,1.0,0.0
88.6309097290039,0.7727793958513878,0.029799938201904297,0.010837044857242902,0.7,200,2,10,5,0.05,"{'model__subsample': 0.7, 'model__n_estimators': 200, 'model__min_samples_split': 2, 'model__min_samples_leaf': 10, 'model__max_depth': 5, 'model__learning_rate': 0.05}",0.7522935779816514,0.7238095238095238,0.7636363636363637,0.7115384615384616,0.6875,0.7277555853932001,0.027526794187109013,7,1.0,1.0,1.0,1.0,1.0,1.0,0.0
59.41288294792175,0.6998352180365734,0.034714269638061526,0.01411314428034218,0.7,200,10,5,3,0.05,"{'model__subsample': 0.7, 'model__n_estimators': 200, 'model__min_samples_split': 10, 'model__min_samples_leaf': 5, 'model__max_depth': 3, 'model__learning_rate': 0.05}",0.7818181818181819,0.7407407407407407,0.7547169811320755,0.693069306930693,0.6666666666666666,0.7274023754576715,0.041839372773169715,8,0.9977011494252873,0.9954128440366973,0.9977011494252873,0.9977116704805492,1.0,0.9977053626735642,0.001450591427770457
75.25323371887207,0.895126219997079,0.024251937866210938,0.00161446056537303,0.9,200,10,10,3,0.2,"{'model__subsample': 0.9, 'model__n_estimators': 200, 'model__min_samples_split': 10, 'model__min_samples_leaf': 10, 'model__max_depth': 3, 'model__learning_rate': 0.2}",0.7787610619469026,0.7407407407407407,0.6538461538461539,0.6862745098039216,0.6666666666666666,0.705257826600877,0.04723254564240697,21,1.0,1.0,1.0,1.0,1.0,1.0,0.0
54.76017618179321,0.2239357110469761,0.024558115005493163,0.0018925697348741346,0.8,100,5,5,5,0.2,"{'model__subsample': 0.8, 'model__n_estimators': 100, 'model__min_samples_split': 5, 'model__min_samples_leaf': 5, 'model__max_depth': 5, 'model__learning_rate': 0.2}",0.7547169811320755,0.7289719626168224,0.7222222222222222,0.7572815533980582,0.673469387755102,0.7273324214248562,0.030255225147489354,9,1.0,1.0,1.0,1.0,1.0,1.0,0.0
38.80971956253052,0.22368663882170692,0.022937250137329102,0.0009921100475793123,0.9,100,20,2,3,0.01,"{'model__subsample': 0.9, 'model__n_estimators': 100, 'model__min_samples_split': 20, 'model__min_samples_leaf': 2, 'model__max_depth': 3, 'model__learning_rate': 0.01}",0.76,0.6521739130434783,0.6373626373626373,0.6739130434782609,0.5185185185185185,0.648393622480579,0.07760250022986717,28,0.8284960422163589,0.8096514745308311,0.8086253369272237,0.8222811671087533,0.8150134048257373,0.8168134851217808,0.007588914839578168
51.72700400352478,0.5984081716798254,0.031298589706420896,0.012097655214315425,0.9,200,10,5,2,0.2,"{'model__subsample': 0.9, 'model__n_estimators': 200, 'model__min_samples_split': 10, 'model__min_samples_leaf': 5, 'model__max_depth': 2, 'model__learning_rate': 0.2}",0.7407407407407407,0.7339449541284404,0.6666666666666666,0.6728971962616822,0.6521739130434783,0.6932846941682017,0.03665951139874865,27,1.0,1.0,1.0,1.0,1.0,1.0,0.0
37.559882402420044,0.6899475527869842,0.025244760513305663,0.004665685156093879,0.9,100,5,10,3,0.1,"{'model__subsample': 0.9, 'model__n_estimators': 100, 'model__min_samples_split': 5, 'model__min_samples_leaf': 10, 'model__max_depth': 3, 'model__learning_rate': 0.1}",0.7818181818181819,0.7524752475247525,0.6792452830188679,0.6792452830188679,0.6875,0.716056799076134,0.04284046930157092,14,0.9977011494252873,0.9907834101382489,0.9953917050691244,0.9977116704805492,0.9977220956719818,0.9958620061570382,0.0026935834759581525
116.59797039031983,0.7366524140459216,0.029900884628295897,0.009145689171597004,0.9,300,10,2,3,0.2,"{'model__subsample': 0.9, 'model__n_estimators': 300, 'model__min_samples_split': 10, 'model__min_samples_leaf': 2, 'model__max_depth': 3, 'model__learning_rate': 0.2}",0.7777777777777778,0.7522935779816514,0.7428571428571429,0.7058823529411765,0.6804123711340206,0.731844644538354,0.03455027079458383,5,1.0,1.0,1.0,1.0,1.0,1.0,0.0
104.76730160713196,0.8090702726389133,0.027951145172119142,0.00820799848162867,1.0,150,20,2,5,0.2,"{'model__subsample': 1.0, 'model__n_estimators': 150, 'model__min_samples_split': 20, 'model__min_samples_leaf': 2, 'model__max_depth': 5, 'model__learning_rate': 0.2}",0.8037383177570093,0.7619047619047619,0.7358490566037735,0.6796116504854369,0.68,0.7322207573501964,0.047966220930456625,4,1.0,1.0,1.0,1.0,1.0,1.0,0.0
37.04666409492493,0.4914473589114149,0.03023843765258789,0.009306904271875005,0.7,100,2,10,4,0.05,"{'model__subsample': 0.7, 'model__n_estimators': 100, 'model__min_samples_split': 2, 'model__min_samples_leaf': 10, 'model__max_depth': 4, 'model__learning_rate': 0.05}",0.7818181818181819,0.7676767676767676,0.7592592592592593,0.693069306930693,0.6947368421052632,0.739312071558033,0.037774488887847804,1,0.9814814814814815,0.988399071925754,0.9884526558891455,0.9861751152073732,0.9931662870159453,0.9875349223039398,0.0037893133719130393
62.54252185821533,0.6437680269613022,0.02311716079711914,0.0009066082279688954,1.0,150,10,10,3,0.05,"{'model__subsample': 1.0, 'model__n_estimators': 150, 'model__min_samples_split': 10, 'model__min_samples_leaf': 10, 'model__max_depth': 3, 'model__learning_rate': 0.05}",0.8037383177570093,0.693069306930693,0.7307692307692307,0.6796116504854369,0.6136363636363636,0.7041649739157468,0.06252047038033141,22,0.9765258215962441,0.9767441860465116,0.9836829836829837,0.9814814814814815,0.988558352402746,0.9813985650419934,0.004514307726243509
131.78823533058167,1.4209597048646643,0.03584585189819336,0.0143214092527271,1.0,300,5,1,3,0.05,"{'model__subsample': 1.0, 'model__n_estimators': 300, 'model__min_samples_split': 5, 'model__min_samples_leaf': 1, 'model__max_depth': 3, 'model__learning_rate': 0.05}",0.7777777777777778,0.7128712871287128,0.7524752475247525,0.6862745098039216,0.6947368421052632,0.7248271328680856,0.03493669025847438,10,1.0,1.0,1.0,1.0,1.0,1.0,0.0
39.13011012077332,0.5878495958114519,0.02599043846130371,0.006494441057111331,0.9,150,10,2,2,0.01,"{'model__subsample': 0.9, 'model__n_estimators': 150, 'model__min_samples_split': 10, 'model__min_samples_leaf': 2, 'model__max_depth': 2, 'model__learning_rate': 0.01}",0.7346938775510204,0.6808510638297872,0.6373626373626373,0.6436781609195402,0.5,0.6393171479325971,0.07778675076949057,29,0.7566137566137566,0.7642276422764228,0.7588075880758808,0.7560321715817694,0.7465181058495822,0.7564398528794823,0.0057427057094368615
34.32715425491333,0.5996160425027611,0.028198099136352538,0.008853816574162907,0.8,100,2,2,3,0.03,"{'model__subsample': 0.8, 'model__n_estimators': 100, 'model__min_samples_split': 2, 'model__min_samples_leaf': 2, 'model__max_depth': 3, 'model__learning_rate': 0.03}",0.7962962962962963,0.7070707070707071,0.7216494845360825,0.7142857142857143,0.6373626373626373,0.7153329679102876,0.05048503355583695,16,0.9375,0.9227053140096618,0.9349397590361446,0.9197080291970803,0.9253012048192771,0.9280308614124329,0.006963899314408745
67.6925992012024,0.3424085248624414,0.024032783508300782,0.0010726289171340275,0.8,150,10,2,4,0.01,"{'model__subsample': 0.8, 'model__n_estimators': 150, 'model__min_samples_split': 10, 'model__min_samples_leaf': 2, 'model__max_depth': 4, 'model__learning_rate': 0.01}",0.780952380952381,0.6804123711340206,0.7128712871287128,0.7083333333333334,0.6222222222222222,0.700958318954134,0.051413750112601374,25,0.9320388349514563,0.9219512195121952,0.9264705882352942,0.9317073170731708,0.9245742092457421,0.9273484338035717,0.003964759340290833
103.66639065742493,1.0602164507186844,0.02408590316772461,0.0009644039198845262,1.0,150,20,2,5,0.03,"{'model__subsample': 1.0, 'model__n_estimators': 150, 'model__min_samples_split': 20, 'model__min_samples_leaf': 2, 'model__max_depth': 5, 'model__learning_rate': 0.03}",0.8073394495412844,0.7326732673267327,0.7428571428571429,0.6796116504854369,0.6881720430107527,0.7301307106442699,0.04569971829745015,6,1.0,1.0,1.0,1.0,1.0,1.0,0.0
64.18144679069519,0.7259688139934118,0.028695201873779295,0.010518867007045652,1.0,150,2,5,3,0.2,"{'model__subsample': 1.0, 'model__n_estimators': 150, 'model__min_samples_split': 2, 'model__min_samples_leaf': 5, 'model__max_depth': 3, 'model__learning_rate': 0.2}",0.7592592592592593,0.7428571428571429,0.7047619047619048,0.6990291262135923,0.6947368421052632,0.7201288550394325,0.02597637249400595,12,1.0,1.0,1.0,1.0,1.0,1.0,0.0
108.41487946510316,0.6831358913406648,0.03040151596069336,0.011181379391863287,0.8,200,5,5,5,0.03,"{'model__subsample': 0.8, 'model__n_estimators': 200, 'model__min_samples_split': 5, 'model__min_samples_leaf': 5, 'model__max_depth': 5, 'model__learning_rate': 0.03}",0.8073394495412844,0.7378640776699029,0.7289719626168224,0.7307692307692307,0.6666666666666666,0.7343222774527814,0.04463761518943792,2,1.0,1.0,1.0,1.0,1.0,1.0,0.0
43.280731725692746,0.22616788056488005,0.02319793701171875,0.0015018736084314926,1.0,150,5,5,2,0.2,"{'model__subsample': 1.0, 'model__n_estimators': 150, 'model__min_samples_split': 5, 'model__min_samples_leaf': 5, 'model__max_depth': 2, 'model__learning_rate': 0.2}",0.7272727272727273,0.7037037037037037,0.6923076923076923,0.7115384615384616,0.7096774193548387,0.7089000008354848,0.011379183954364642,20,1.0,1.0,1.0,1.0,1.0,1.0,0.0
98.70528435707092,0.8878493444164957,0.026025056838989258,0.003697448767102893,1.0,150,2,10,5,0.1,"{'model__subsample': 1.0, 'model__n_estimators': 150, 'model__min_samples_split': 2, 'model__min_samples_leaf': 10, 'model__max_depth': 5, 'model__learning_rate': 0.1}",0.7636363636363637,0.7128712871287128,0.7222222222222222,0.7155963302752294,0.6666666666666666,0.716198573985839,0.03082684415568601,13,1.0,1.0,1.0,1.0,1.0,1.0,0.0
45.85511350631714,0.7131850176034401,0.03130674362182617,0.015333222249195531,0.7,100,20,5,5,0.01,"{'model__subsample': 0.7, 'model__n_estimators': 100, 'model__min_samples_split': 20, 'model__min_samples_leaf': 5, 'model__max_depth': 5, 'model__learning_rate': 0.01}",0.7884615384615384,0.7021276595744681,0.6804123711340206,0.6666666666666666,0.6292134831460674,0.6933763437965522,0.05313402657197035,26,0.9290953545232273,0.9135802469135802,0.9207920792079208,0.9238329238329238,0.9032258064516129,0.9181052821858531,0.008974198453309653
113.89437003135681,0.26479739776688666,0.032951974868774415,0.01174513824349032,1.0,200,20,1,4,0.1,"{'model__subsample': 1.0, 'model__n_estimators': 200, 'model__min_samples_split': 20, 'model__min_samples_leaf': 1, 'model__max_depth': 4, 'model__learning_rate': 0.1}",0.7592592592592593,0.7169811320754716,0.7047619047619048,0.6923076923076923,0.6804123711340206,0.7107444719076698,0.027159980894076993,18,1.0,1.0,1.0,1.0,1.0,1.0,0.0
44.3333402633667,0.48639709869959774,0.027649927139282226,0.006084041902553353,0.8,100,5,5,4,0.05,"{'model__subsample': 0.8, 'model__n_estimators': 100, 'model__min_samples_split': 5, 'model__min_samples_leaf': 5, 'model__max_depth': 4, 'model__learning_rate': 0.05}",0.7706422018348624,0.7307692307692307,0.7547169811320755,0.7058823529411765,0.7083333333333334,0.7340688200021357,0.02542297506309962,3,0.9953917050691244,0.9907834101382489,0.9977011494252873,0.993103448275862,0.9977220956719818,0.9949403617161009,0.0026914011520526044
68.09307470321656,0.18884992120675595,0.024130535125732423,0.0020643451015980707,0.8,300,5,10,2,0.1,"{'model__subsample': 0.8, 'model__n_estimators': 300, 'model__min_samples_split': 5, 'model__min_samples_leaf': 10, 'model__max_depth': 2, 'model__learning_rate': 0.1}",0.8073394495412844,0.7169811320754716,0.7222222222222222,0.6666666666666666,0.6666666666666666,0.7159752274344623,0.05147839585533455,15,1.0,1.0,1.0,1.0,1.0,1.0,0.0
135.45265827178955,1.052028709957758,0.024868106842041014,0.001025317580099214,0.7,300,20,10,5,0.2,"{'model__subsample': 0.7, 'model__n_estimators': 300, 'model__min_samples_split': 20, 'model__min_samples_leaf': 10, 'model__max_depth': 5, 'model__learning_rate': 0.2}",0.7735849056603774,0.7358490566037735,0.7222222222222222,0.6990291262135923,0.6868686868686869,0.7235107995137305,0.03034239895759272,11,1.0,1.0,1.0,1.0,1.0,1.0,0.0
35.39556837081909,1.0584120135135067,0.029213953018188476,0.012178142691548172,1.0,50,10,1,5,0.1,"{'model__subsample': 1.0, 'model__n_estimators': 50, 'model__min_samples_split': 10, 'model__min_samples_leaf': 1, 'model__max_depth': 5, 'model__learning_rate': 0.1}",0.8256880733944955,0.7,0.6862745098039216,0.6981132075471698,0.6451612903225806,0.7110474162136335,0.06064074193906405,17,1.0,1.0,1.0,1.0,1.0,1.0,0.0
