mean_fit_time,std_fit_time,mean_score_time,std_score_time,param_model__n_estimators,param_model__min_samples_split,param_model__min_samples_leaf,param_model__max_features,param_model__max_depth,param_model__class_weight,params,split0_test_score,split1_test_score,split2_test_score,split3_test_score,split4_test_score,mean_test_score,std_test_score,rank_test_score,split0_train_score,split1_train_score,split2_train_score,split3_train_score,split4_train_score,mean_train_score,std_train_score
5.693586826324463,0.6911205148658649,0.13690629005432128,0.03145687841454406,300,5,5,sqrt,,balanced,"{'model__n_estimators': 300, 'model__min_samples_split': 5, 'model__min_samples_leaf': 5, 'model__max_features': 'sqrt', 'model__max_depth': None, 'model__class_weight': 'balanced'}",0.8037383177570093,0.7428571428571429,0.7706422018348624,0.673469387755102,0.6804123711340206,0.7342238842676274,0.05063570136547912,12,0.963302752293578,0.9495412844036697,0.9747126436781609,0.960919540229885,0.9770642201834863,0.965108088157756,0.009983237252575224
1.8530169010162354,0.22378471355167703,0.0978316307067871,0.01270817725699455,200,5,2,log2,30,balanced,"{'model__n_estimators': 200, 'model__min_samples_split': 5, 'model__min_samples_leaf': 2, 'model__max_features': 'log2', 'model__max_depth': 30, 'model__class_weight': 'balanced'}",0.7777777777777778,0.72,0.7476635514018691,0.6804123711340206,0.6593406593406593,0.7170388719308654,0.04314264306309827,22,0.9977116704805492,0.9931662870159453,0.9977116704805492,0.9977116704805492,0.9954545454545455,0.9963511687824276,0.0018166067197029141
10.02513427734375,0.4140646298358821,0.22777466773986815,0.03919943406868672,500,2,5,sqrt,30,,"{'model__n_estimators': 500, 'model__min_samples_split': 2, 'model__min_samples_leaf': 5, 'model__max_features': 'sqrt', 'model__max_depth': 30, 'model__class_weight': None}",0.7766990291262136,0.7010309278350515,0.7476635514018691,0.6593406593406593,0.6666666666666666,0.710280166874092,0.045588379994272656,23,0.9561200923787528,0.9528301886792453,0.9720930232558139,0.9624413145539906,0.965034965034965,0.9617039167805534,0.006774884746914555
246.44052996635438,9.161755347980588,0.1636960983276367,0.03781114997748568,300,2,1,,20,,"{'model__n_estimators': 300, 'model__min_samples_split': 2, 'model__min_samples_leaf': 1, 'model__max_features': None, 'model__max_depth': 20, 'model__class_weight': None}",0.8148148148148148,0.7378640776699029,0.7387387387387387,0.7572815533980582,0.6875,0.747239836924303,0.04097861723958443,6,1.0,1.0,1.0,1.0,1.0,1.0,0.0
4.7758800983428955,0.5957638284402,0.1336153507232666,0.026061697304795066,200,20,2,sqrt,20,,"{'model__n_estimators': 200, 'model__min_samples_split': 20, 'model__min_samples_leaf': 2, 'model__max_features': 'sqrt', 'model__max_depth': 20, 'model__class_weight': None}",0.8,0.7346938775510204,0.7476635514018691,0.6956521739130435,0.6444444444444445,0.7244908094620756,0.052118718088598893,17,0.951048951048951,0.9557109557109557,0.9534883720930233,0.9603729603729604,0.9559164733178654,0.9553075425087512,0.00308664799755312
2.56925630569458,0.30103269033215063,0.15950927734375,0.04003087006043762,300,2,10,log2,,balanced,"{'model__n_estimators': 300, 'model__min_samples_split': 2, 'model__min_samples_leaf': 10, 'model__max_features': 'log2', 'model__max_depth': None, 'model__class_weight': 'balanced'}",0.7333333333333333,0.6909090909090909,0.7433628318584071,0.6597938144329897,0.6666666666666666,0.6988131474400975,0.03404319697077822,26,0.8954545454545455,0.8790697674418605,0.8949771689497716,0.8842592592592593,0.9107551487414187,0.8929031779693712,0.010914067551255971
224.25807394981385,6.904431532006528,0.1504958152770996,0.022802249042584755,300,10,2,,20,,"{'model__n_estimators': 300, 'model__min_samples_split': 10, 'model__min_samples_leaf': 2, 'model__max_features': None, 'model__max_depth': 20, 'model__class_weight': None}",0.8037383177570093,0.7572815533980582,0.7454545454545455,0.7692307692307693,0.6875,0.7526410371680765,0.037954409680189115,2,0.9953917050691244,0.993103448275862,0.9977011494252873,0.993103448275862,0.9954337899543378,0.9949467082000947,0.0017214779469030509
2.91390380859375,0.5760291483959362,0.15858106613159179,0.030519908901481065,300,2,5,log2,20,,"{'model__n_estimators': 300, 'model__min_samples_split': 2, 'model__min_samples_leaf': 5, 'model__max_features': 'log2', 'model__max_depth': 20, 'model__class_weight': None}",0.7647058823529411,0.7010309278350515,0.7450980392156863,0.6373626373626373,0.6222222222222222,0.6940839417977077,0.056603127749838396,27,0.9433962264150944,0.9408983451536643,0.9577464788732394,0.9428571428571428,0.9579439252336449,0.9485684237065571,0.007620199266388452
7.169114875793457,0.6250529150203897,0.1702881336212158,0.04488113572854917,300,20,1,sqrt,20,,"{'model__n_estimators': 300, 'model__min_samples_split': 20, 'model__min_samples_leaf': 1, 'model__max_features': 'sqrt', 'model__max_depth': 20, 'model__class_weight': None}",0.8,0.76,0.7476635514018691,0.6956521739130435,0.6739130434782609,0.7354457537586347,0.045363508962379284,9,0.9792147806004619,0.9696969696969697,0.9791183294663574,0.9767441860465116,0.9839816933638444,0.9777511918348291,0.004662936018972996
146.28299822807313,3.4225083123437505,0.13433032035827636,0.02527917784910262,200,10,1,,30,balanced,"{'model__n_estimators': 200, 'model__min_samples_split': 10, 'model__min_samples_leaf': 1, 'model__max_features': None, 'model__max_depth': 30, 'model__class_weight': 'balanced'}",0.8,0.75,0.75,0.7524752475247525,0.6956521739130435,0.7496254842875592,0.03304273517913597,4,0.9977011494252873,1.0,1.0,1.0,1.0,0.9995402298850575,0.0009195402298850742
231.91860637664794,5.861561712430622,0.18829169273376464,0.01888636763257331,500,10,10,,10,balanced,"{'model__n_estimators': 500, 'model__min_samples_split': 10, 'model__min_samples_leaf': 10, 'model__max_features': None, 'model__max_depth': 10, 'model__class_weight': 'balanced'}",0.7964601769911505,0.7272727272727273,0.7433628318584071,0.7184466019417476,0.6875,0.7346084676128066,0.03587896195683768,11,0.929384965831435,0.9234234234234234,0.9366515837104072,0.9248291571753986,0.944954128440367,0.9318486517162062,0.008014352119057353
2.4340200901031492,0.399105294833552,0.09186825752258301,0.01915553395054462,100,20,2,sqrt,,balanced,"{'model__n_estimators': 100, 'model__min_samples_split': 20, 'model__min_samples_leaf': 2, 'model__max_features': 'sqrt', 'model__max_depth': None, 'model__class_weight': 'balanced'}",0.7522935779816514,0.7115384615384616,0.75,0.6868686868686869,0.6451612903225806,0.709172403342276,0.040315766000579754,24,0.9658314350797267,0.9563218390804598,0.9680365296803652,0.9678899082568807,0.9726027397260274,0.966136490364692,0.005383631545094609
2.7616907596588134,0.4625901509787928,0.08766660690307618,0.004803388501237937,100,2,2,sqrt,20,balanced,"{'model__n_estimators': 100, 'model__min_samples_split': 2, 'model__min_samples_leaf': 2, 'model__max_features': 'sqrt', 'model__max_depth': 20, 'model__class_weight': 'balanced'}",0.7692307692307693,0.7378640776699029,0.7522935779816514,0.6875,0.6736842105263158,0.7241145270817279,0.037154877951477275,18,1.0,0.9977116704805492,1.0,1.0,1.0,0.9995423340961098,0.0009153318077803174
12.338027286529542,0.5173772814571976,0.190594482421875,0.03601675953934894,500,20,1,sqrt,30,,"{'model__n_estimators': 500, 'model__min_samples_split': 20, 'model__min_samples_leaf': 1, 'model__max_features': 'sqrt', 'model__max_depth': 30, 'model__class_weight': None}",0.7766990291262136,0.76,0.7476635514018691,0.7032967032967034,0.6593406593406593,0.7293999886330891,0.04265397702088835,14,0.9815668202764977,0.9698375870069605,0.9814814814814815,0.9743589743589743,0.9839816933638444,0.9782453112975518,0.005295370451891112
2.4957594871520996,0.5509332818253844,0.08910961151123047,0.03601655821164747,100,5,2,sqrt,30,balanced,"{'model__n_estimators': 100, 'model__min_samples_split': 5, 'model__min_samples_leaf': 2, 'model__max_features': 'sqrt', 'model__max_depth': 30, 'model__class_weight': 'balanced'}",0.7766990291262136,0.74,0.7358490566037735,0.6875,0.7021276595744681,0.7284351490608911,0.03125982838396168,15,0.9954337899543378,0.9954337899543378,0.9977116704805492,0.9954128440366973,0.9954545454545455,0.9958893279760936,0.0009112666753066534
5.816741180419922,0.7563535065232966,0.13444185256958008,0.01738614994645464,300,5,5,sqrt,10,balanced,"{'model__n_estimators': 300, 'model__min_samples_split': 5, 'model__min_samples_leaf': 5, 'model__max_features': 'sqrt', 'model__max_depth': 10, 'model__class_weight': 'balanced'}",0.8037383177570093,0.75,0.7777777777777778,0.6666666666666666,0.6666666666666666,0.732969885773624,0.05674183054801237,13,0.963302752293578,0.9471264367816092,0.9724770642201835,0.963302752293578,0.9770642201834863,0.964654645154487,0.010257495891468935
73.18781967163086,5.3567067705316855,0.09169378280639648,0.00832662324784878,100,5,1,,50,balanced,"{'model__n_estimators': 100, 'model__min_samples_split': 5, 'model__min_samples_leaf': 1, 'model__max_features': None, 'model__max_depth': 50, 'model__class_weight': 'balanced'}",0.7777777777777778,0.7522935779816514,0.7304347826086957,0.74,0.6881720430107527,0.7377356362757755,0.02942885097132527,8,1.0,1.0,1.0,1.0,1.0,1.0,0.0
4.771297597885132,0.7362445779000522,0.18227243423461914,0.024099684134786872,500,2,5,log2,,,"{'model__n_estimators': 500, 'model__min_samples_split': 2, 'model__min_samples_leaf': 5, 'model__max_features': 'log2', 'model__max_depth': None, 'model__class_weight': None}",0.7524752475247525,0.6875,0.75,0.6521739130434783,0.6067415730337079,0.6897781467203877,0.056341705643749296,28,0.9481132075471698,0.943127962085308,0.9601873536299765,0.9501187648456056,0.955503512880562,0.9514101601977243,0.005914846828820683
1.1873011589050293,0.2794711951451749,0.11007590293884277,0.020660583119102904,100,10,10,log2,,,"{'model__n_estimators': 100, 'model__min_samples_split': 10, 'model__min_samples_leaf': 10, 'model__max_features': 'log2', 'model__max_depth': None, 'model__class_weight': None}",0.7450980392156863,0.6236559139784946,0.7289719626168224,0.6046511627906976,0.5476190476190477,0.6499992252441495,0.07551502533164493,30,0.8514851485148515,0.854320987654321,0.8669950738916257,0.8689320388349514,0.8684863523573201,0.8620439202506139,0.0075444864624855425
3.6198707103729246,0.40286596178891376,0.14259629249572753,0.01699454525383434,200,2,10,sqrt,20,balanced,"{'model__n_estimators': 200, 'model__min_samples_split': 2, 'model__min_samples_leaf': 10, 'model__max_features': 'sqrt', 'model__max_depth': 20, 'model__class_weight': 'balanced'}",0.7478260869565218,0.6990291262135923,0.7706422018348624,0.6326530612244898,0.6666666666666666,0.7033634285792265,0.05073215131268334,25,0.9115646258503401,0.9149425287356322,0.918552036199095,0.9099307159353349,0.9166666666666666,0.9143313146774139,0.0031831361283141514
1.9345381259918213,0.3255665026765623,0.12220091819763183,0.06009465025530558,200,2,10,log2,50,,"{'model__n_estimators': 200, 'model__min_samples_split': 2, 'model__min_samples_leaf': 10, 'model__max_features': 'log2', 'model__max_depth': 50, 'model__class_weight': None}",0.7272727272727273,0.6451612903225806,0.7450980392156863,0.6363636363636364,0.5411764705882353,0.6590144327525731,0.07302100455592062,29,0.8493827160493828,0.854320987654321,0.8641975308641975,0.8689320388349514,0.8762376237623762,0.8626141794330457,0.009714620298530128
1.0001039505004883,0.13321166797237252,0.06006369590759277,0.0028861628465299285,100,2,2,log2,,balanced,"{'model__n_estimators': 100, 'model__min_samples_split': 2, 'model__min_samples_leaf': 2, 'model__max_features': 'log2', 'model__max_depth': None, 'model__class_weight': 'balanced'}",0.7663551401869159,0.74,0.7619047619047619,0.6804123711340206,0.6530612244897959,0.7203466995430988,0.045502059547263364,20,0.9954128440366973,0.9908675799086758,0.9977116704805492,0.9954128440366973,0.9977220956719818,0.9954254068269203,0.002501035106071283
149.94048438072204,4.322944228981065,0.1208536148071289,0.01182099733930323,200,20,2,,30,,"{'model__n_estimators': 200, 'model__min_samples_split': 20, 'model__min_samples_leaf': 2, 'model__max_features': None, 'model__max_depth': 30, 'model__class_weight': None}",0.8073394495412844,0.75,0.7272727272727273,0.7619047619047619,0.6875,0.7468033877437547,0.03949993191321353,7,0.993103448275862,0.9767441860465116,0.9907407407407407,0.9837587006960556,0.9793103448275862,0.9847314841173512,0.006329817347970805
149.85836420059204,2.9314111585153766,0.16809310913085937,0.05757324390116668,300,5,10,,10,,"{'model__n_estimators': 300, 'model__min_samples_split': 5, 'model__min_samples_leaf': 10, 'model__max_features': None, 'model__max_depth': 10, 'model__class_weight': None}",0.7962962962962963,0.7378640776699029,0.7407407407407407,0.7524752475247525,0.6136363636363636,0.7282025451736112,0.060994892461036974,16,0.9129411764705883,0.9107981220657277,0.9142857142857143,0.9180327868852459,0.9156626506024096,0.9143440900619371,0.002445017360239457
206.29416046142578,4.3690007346515545,0.1809706687927246,0.026406520329173497,300,5,2,,10,,"{'model__n_estimators': 300, 'model__min_samples_split': 5, 'model__min_samples_leaf': 2, 'model__max_features': None, 'model__max_depth': 10, 'model__class_weight': None}",0.7924528301886793,0.7572815533980582,0.7454545454545455,0.76,0.6875,0.7485377858082567,0.03426801603895308,5,0.9977011494252873,0.988399071925754,0.9977011494252873,0.9861111111111112,0.9977116704805492,0.9935248304735979,0.005170097575342142
1.1627107620239259,0.09356385776013858,0.10049772262573242,0.008632400338275554,100,2,1,log2,50,,"{'model__n_estimators': 100, 'model__min_samples_split': 2, 'model__min_samples_leaf': 1, 'model__max_features': 'log2', 'model__max_depth': 50, 'model__class_weight': None}",0.780952380952381,0.6947368421052632,0.7547169811320755,0.6947368421052632,0.6739130434782609,0.7198112179546488,0.04079398285152187,21,1.0,1.0,1.0,1.0,1.0,1.0,0.0
175.45861983299255,2.744475532611564,0.16974878311157227,0.021665306006858807,300,5,5,,30,balanced,"{'model__n_estimators': 300, 'model__min_samples_split': 5, 'model__min_samples_leaf': 5, 'model__max_features': None, 'model__max_depth': 30, 'model__class_weight': 'balanced'}",0.8073394495412844,0.7663551401869159,0.7256637168141593,0.7619047619047619,0.6875,0.7497526136894243,0.0404851210189827,3,0.9839816933638444,0.9701149425287356,0.988558352402746,0.981651376146789,0.9908675799086758,0.9830347888701582,0.007233190968319979
11.227719640731811,0.42400574180836537,0.18976502418518065,0.055507640385942185,500,20,1,sqrt,30,balanced,"{'model__n_estimators': 500, 'model__min_samples_split': 20, 'model__min_samples_leaf': 1, 'model__max_features': 'sqrt', 'model__max_depth': 30, 'model__class_weight': 'balanced'}",0.780952380952381,0.7647058823529411,0.7747747747747747,0.6736842105263158,0.6808510638297872,0.73499366248724,0.04747173179118323,10,0.9817351598173516,0.9771689497716894,0.988558352402746,0.9839080459770115,0.9863636363636363,0.983546828866487,0.003927842586531734
0.9391568183898926,0.05004503938802886,0.09349026679992675,0.01246951109545434,100,5,2,log2,10,balanced,"{'model__n_estimators': 100, 'model__min_samples_split': 5, 'model__min_samples_leaf': 2, 'model__max_features': 'log2', 'model__max_depth': 10, 'model__class_weight': 'balanced'}",0.7850467289719626,0.7307692307692307,0.7407407407407407,0.6666666666666666,0.6808510638297872,0.7208148861956776,0.04278082527939787,19,0.988558352402746,0.988558352402746,0.9977116704805492,0.9907834101382489,0.9931662870159453,0.9917556144880472,0.0034308818385004485
51.40874829292297,11.212934194367106,0.07689886093139649,0.020756540561341366,100,20,5,,30,balanced,"{'model__n_estimators': 100, 'model__min_samples_split': 20, 'model__min_samples_leaf': 5, 'model__max_features': None, 'model__max_depth': 30, 'model__class_weight': 'balanced'}",0.8035714285714286,0.7636363636363637,0.7368421052631579,0.7692307692307693,0.7010309278350515,0.7548623189073542,0.03428865805024047,1,0.9724770642201835,0.9515011547344111,0.967741935483871,0.9634703196347032,0.9747126436781609,0.965980623550266,0.008215969566119195
